insert  into `zupanije`(`id`,`naziv_zupanija`) values (1,'Grad Zagreb'), (2,'Zagrebačka županija'),(3,'Krapinsko-zagorska županija'),(4,'Sisačko-moslavačka županija'),(5,'Karlovačka županija'),(6,'Varaždinska županija'),(7,'Koprivničko-križevačka županija'),(8,'Bjelovarsko-bilogorska županija'),(9,'Primorsko-goranska županija'),(10,'Ličko-senjska županija'),(11,'Virovitičko-podravska županija'),(12,'Požeško-slavonska županija'),(13,'Brodsko-posavska županija'),(14,'Zadarska županija'),(15,'Osječko-baranjska županija'),(16,'Šibensko-kninska županija'),(17,'Vukovarsko-srijemska županija'),(18,'Splitsko-dalmatinska županija'),(19,'Istarska županija'),(20,'Dubrovačko-neretvanska županija'),(21,'Međimurska županija');
insert  into `mjesta`(`postbr`,`naziv_mjesto`,`id_zupanija`) values (10295,'Kupljenovo',2),(10310,'Ivanić-Grad',2),(10315,'Novoselec',2),(10340,'Vrbovec',2),(10345,'Gradec',2),(10341,'Velika Gorica',2),(10430,'Samobor',2),(20000,'Dubrovnik',20),(21000,'Split',18),(21300,'Makarska',18),(21465,'Jelsa',18),(21480,'Vis',18),(21485,'Komiža',18),(22000,'Šibenik',16),(22030,'Šibenik-Zablaće',16),(22205,'Perković',16),(22215,'Zaton',16),(22235,'Kaprije',16),(22240,'Tisno',16),(22300,'Knin',16),(22310,'Kijevo',16),(22320,'Drniš',16),(23000,'Zadar',14),(23205,'Bibinje',14),(23235,'Vrsi',14),(23245,'Tribanj',14),(23275,'Ugljan',14),(23285,'Brbinj',14),(31000,'Osijek',15),(31220,'Višnjevac',15),(31325,'Čeminac',15),(31400,'Đakovo',15),(31415,'Selci Đakovački',15),(31540,'Donji Miholjac',15),(31555,'Marijanci',15),(32000,'Vukovar',17),(32100,'Vinkovci',17),(32225,'Bobota',17),(32235,'Bapska',17),(32245,'Nijemci',17),(32255,'Soljani',17),(32260,'Gunja',17),(32270,'Županja',17),(32275,'Bošnjaci',17),(33405,'Pitomača',11),(33410,'Suhopolje',11),(33515,'Orahovica',11),(34000,'Požega',12),(35000,'Slavonski Brod',13),(40000,'Čakovec',21),(42000,'Varaždin',6),(43000,'Bjelovar',8),(44000,'Sisak',4),(44010,'Sisak-Caprag',4),(47000,'Karlovac',5),(47285,'Radatovići',5),(51000,'Rijeka',9),(52210,'Rovinj',19),(52440,'Poreč',19),(53205,'Medak',10),(53220,'Otočac',10),(53225,'Švica',10),(53235,'Bunić',10),(53260,'Brinje',10),(53270,'Senj',10),(53285,'Lukovo',10);
insert  into `nastavnici`(`jmbg`,`ime`,`prezime`,`adresa`,`titula_ispred`,`titula_iza`,`postbr`,`lozinka`) values  (0110959390037,'Petra','Jukić','Riječka 54','prof.vis.šk.','',32000,'378aaad427698bbcd8bd577b3914a91e'),(0205951330124,'Vedran','Grubišić','Dobrilina 62','mr.sc.','',10000,'30f7799685334aed99267c75b5371afb'),(0305988391019,'Lucija','Brčić','Naserov trg 1','','prof.',10000,'5d962f37c27a0dac27cfa4b5ff726f61'),(0404964361006,'Danijel','Tkalčić','Nodilova 96','dr.sc.','',21000,'806fad8a67e9e1a041b84440451a1b84'),(0501953210249,'Anto','Bošnjak','Unska ulica 25','','prof.',40000,'db21dd893e3ddc0e1e4c64daba31995d'),(0509959360058,'Leona','Vidović','Ulica svetog Duje 106','prof. dr.sc.','',51000,'67889942df943c1cf4a5f4df99887af4'),(0606960383925,'Borna','Blažević','Ulica Petra Jurčića 12','prof. dr.sc.','',21000,'e6993e93270eb1014b7118501a201a89'),(0608955311207,'Stjepan','Kovačević','Dubrovačka ulica 27','mr.sc.','',42000,'247d0bedf6f20caba466cad13ad720ee'),(0610975181955,'Renato','Topić','Krešimirova 98','prof. dr.sc.','',42000,'9ad2279998eeddd857cdd2daecebaaea'),(0611973330036,'Mila','Ilić','Ulica Alojzija Stepinca 2','dr.sc.','v. pred.',51000,'4e099b86cbd02c1431821a6b6c0f2f9b'),(0704987340304,'Milivoj','Matić','Ulica Franje Čandeka 95','dr.sc.','',10000,'61622f25e70e9ca3f0a1f14ede370323'),(0708980383302,'Boris','Brkić','Zagrebačka 154','prof. dr.sc.','',10000,'ffdc0d63cb0b527cb40e17246f34c13a'),(0804969306801,'Stjepan','Lukić','Marko Polo 36','prof. dr.sc.','',10410,'120db3b28966d6678a63baf597811b30'),(0807977310602,'Kristijan','Kolar','Jurija Dobrile 98','','dipl.ing.rač.',10000,'25d7b6b412da198d2eb9ae81827ce906'),(0809970383313,'Anđelka','Mađar','Ulica Ivane Brlić Mažuranić 36','prof.vis.šk.','',40000,'f9f41b6beaaa262bb2e7d3015772fea3'),(0812942370017,'Josipa','Jakšić','Ulica Ivana pl. Zajca 75','dr.sc.','v. pred.',40000,'a117d6515f9048753495eb993a6f1d8f'),(0907987330057,'Iva','Klarin','Gojlanska ulica 18','dr.sc.','v. pred.',10000,'8a92b02c4954bfb39f776c428d18cccb'),(1010962363604,'Zvonimir','Ivanković','Šimunovićeva 39','dr.sc.','v. pred.',42000,'92d2c1fc4d46c534e863229dcb17afd0'),(1102966363016,'Žarko','Marković','Kupska ulica 101','prof. dr.sc.','',42000,'d9472c97406a1ed0f9a8580917503365'),(1204979362909,'Ana','Mihaljević','Palmotićeva ulica 6','prof. dr.sc.','',10000,'55ebe981813c9d023ef854da29ebf606'),(1212953391826,'Frano','Vukelić','Ulica dr.Vladka Mačeka 61','prof. dr.sc.','',21000,'4d4246882acedd600c96c5d156f67697'),(1303966335145,'Valentino','Posavec','Ulica dr. Ante Starčevića 9','prof. dr.sc.','',10310,'b02048802c7d982398fc192da5660338'),(1403968361918,'Sanja','Ivanec','Mandićeva 65','prof. dr.sc.','',51000,'7b517185beee03aa53f9efc27e8d8067'),(1409987320508,'Zlatica','Vidaković','Zvonimirova 32','','prof.',10410,'e046cb08b64f423a16a079ecfbed41ed'),(1707963340011,'Ankica','Čeh','Ulica kralja Petra Krešimira IV 6','','prof.',42000,'0d94a5529152ca83d011daf25be975c9'),(1804949363053,'Daniela','Bašić','Branimirova 96','dr.sc.','',10000,'b362df18e5980dfdf981f99094748ecc'),(1906962340015,'Karlo','Lončar','Bakarska ulica 12','','prof.',40000,'3bbada494b232de7d8334d4b444697f5'),(1907983383326,'Jelena','Nikolić','Hvarska ulica 3','prof. dr.sc.','',10000,'dbc7336cf51d3cb51f999e0348e28fd9'),(1908987173977,'Nikola','Bačić','Radićeva 3','prof. dr.sc.','',10000,'df5e014b11c328fa07219a41970cbade'),(1910956363012,'Dražen','Debeljak','Trpimirova 15','dr.sc.','v. pred.',10410,'9aa31e57ed4c9a4b6ce586f05b764fef'),(2011979362930,'Cvjetko','Stojanović','Koranska ulica 5','','prof.',40000,'41a7f3c02a44674a3ba430f016c42d68'),(2011987360005,'Josip','Ivanović','Zaharova ulica 5','','prof.',10000,'372ab64556ce24e43526453510235de4'),(2012975380051,'Veronika','Petrović','Ulica Domovinskog rata 52','prof. dr.sc.','',21000,'8b29750e428b84fa2137f27e4a71ac58'),(2205970383309,'Tihana','Posavec','Ulica Matice hrvatske 32','prof. dr.sc.','',10000,'6e9d8709d679bca89b1572165c447169'),(2207987301807,'Josip','Dukić','Jurišićeva 21','mr.sc.','',10000,'9f50a136bc84fa1aa366807698131a0a'),(2306978362104,'Sonja','Duvnjak','Ulica Žrtava fašizma 23','prof. dr.sc.','',21000,'dd4a0b6e486ded6ec4fd3e51bea1f511'),(2409952381906,'Morana','Novak','Kolodvorska 37','','prof.',10410,'fc9e9539ca1d04da45df8c5d79ae8f18'),(2409954210041,'Tvrtko','Miletić','Gundulićeva 59','','dipl.ing.rač.',10000,'668f7f71056d78b87a801fbc853d917b'),(2511949330185,'Željka','Perić','Ulica Rudolfa Tomišića 9','mr.sc.','',21000,'89ed83151007544f60314674d3ea7149'),(2603957210027,'Renato','Perić','Turopoljska 15','','prof.',32225,'e7b1c1e4afcab1af31edc83281f2dbcc'),(2604956363608,'Valentino','Šimić','Cesarićeva ulica 21','prof.vis.šk.','',32000,'90618f7e14bf1bf2bb456de269145fd0'),(2608948301518,'Vladimir','Katić','Radićeva 32','dr.sc.','',51000,'a3d5f85f47657ab0390d74683fa0c0c9'),(2610987300802,'Karlo','Krsnik','Nodilova 7','dr.sc.','',10000,'c1586160da6146669f4ae348a7923862'),(2805952392713,'Lovro','Horvatinčić','Škurinjska cesta 47','dr.sc.','v. pred.',10310,'6d255cc57954a1c231fd8bfae3b7a782'),(2806955260017,'Branimira','Zagorec','Trg revolucije 57','prof. dr.sc.','',22030,'1fba6452ced52030cf9f1484e2e1d6d9'),(2808966330057,'Mira','Mandić','Ulica Svetog Vlahe 95','prof. dr.sc.','',10410,'552bfc1303b329ede95722afc17e21f7'),(2910986392304,'Jure','Ribarić','Ulica Rudolfa Tomišića 63','prof. dr.sc.','',10000,'d4d3483d70cf89753f4985c69ad04b22'),(3003975210235,'Damir','Skelić','Sv. Barbare 15','dr.sc.','v. pred.',10000,'7ad2e562d66cecf67231c577bdb0f0ed'),(3103947210122,'Davorka','Mikulić','Gospodska ulica 49','prof. dr.sc.','',21000,'d6df3cf05df1697feb0c9cfffbeb7977'),(3103947210186,'Tomica','Hrvat','Gosposka ulica 91','prof. dr.sc.','',10000,'67da1a4ed66fcad0bbe3f8be21174d5a'),(3105981300707,'Vesna','Ilić','Paška ulica 25','','prof.',40000,'d85a9058fab489ca8812e2482ccd44ac');
insert  into `ustanove`(`oib_ustanova`,`naziv`,`z_racun`,`adresa`,`datum_osnutka`,`postbr`) values (02024882310,'Fakultet organizacije i informatike','2360000-1101741225','Pavlinska 2','1974-03-29',42000),(08814003451,'Tehničko Veleučilište u Zagrebu','2360000-1101350801','Vrbik 8','1998-05-27',10000),(09032023114,'Veleučilište Velika Gorica','2340009-1110122348','Zagrebačka cesta 5','2002-06-12',10410),(21720825730,'Veleučilište \"Ladislava Ružička\"','2500009-1102156476','Županijska 50','2005-07-15',32000), (28163265527,'Prirodoslovno-matematički fakultet','2360000-1101522208','Horvatovac 102A','1946-06-08',10000),(31444990605,'Međimursko veleučilište u Čakovcu','2392007-1100052659','Bana Josipa Jelačića  22a','2005-09-24',40000),(57029260362,'Fakultet elektrotehnike i računarstva','2360000-1101218080','Unska 3','1956-06-08',10000),(7672214570,'Pomorski fakultet','1360000-1101408432','Studenska ulica 2','1914-11-26',51000),(84477684422,'Ekonomski faklutet','2390001-1100015220','Cvite Fiskovića 5','1974-06-15',21000);
insert  into `smjerovi`(`id`,`naziv`,`oib_ustanova`,`id_nadsmjer`) values (1,'Stručni studij informatike','08814003451',22),(2,'Stručni studij računarstva','08814003451',22),(3,'Stručni studij elektrotehnike','08814003451',NULL),(4,'Stručni studij graditeljstva','08814003451',NULL),(5,'studij trgovine','21720825730',NULL),(6,'upravni studij','21720825730',NULL),(7,'računarstvo','31444990605',NULL),(8,'menadžment turizma i sporta','31444990605',NULL),(9,'očna optika','09032023114',NULL),(10,'održavanje zrakoplova','09032023114',NULL),(11,'smjer matematika','28163265527',NULL),(12,'smjer fizika','28163265527',NULL),(13,'smjer kemija','28163265527',NULL),(14,'elektotehnika i informacijska tehnologija','57029260362',NULL),(15,'računarstvo','57029260362',NULL),(16,'informacijski i poslovni sustavi','02024882310',NULL),(17,'ekonomika poduzetništva','02024882310',NULL),(18,'poslovna ekonomija','84477684422',NULL),(19,'turizam','84477684422',NULL),(20,'brodostrojarstvo','76722145702',NULL),(21,'logistika i menadžment u pomorstvu','76722145702',NULL),(22,'INRO','08814003451',23),(23,'Stručni studij','08814003451',NULL),(24,'Specijalistički studij','08814003451',NULL),(25,'Specijalistički studij informatike','08814003451',24),(26,'Specijalistički studij elektrotehnike','08814003451',24),(27,'Specijalistički studij graditeljstva','08814003451',24);
insert  into `studenti`(`jmbag`,`ime`,`prezime`,`datum_upisa`,`post_br_prebivanje`,`post_br_stanovanja`,`smjer_id`) values (0010081356,'Tanja','Krog','2016-09-28',10000,10290,3), ('0013020125','Matea','Omanović','2018-09-25',10410,44000,9), ('0013022546','Antun','Mandić','2016-09-30',10410,31000,10), ('0013025926','Antonio','Pavić','2018-09-25',32000,44000,5), ('0013026584','Borna','Knežević','2016-09-29',10410,44000,9), ('0016096972','Dora','Vidaković','2017-09-26',42000,44000,16), ('0016097990','Vesna','Đukić','2017-09-29',42000,43000,17), ('0016098017','Marina','Zadro','2017-09-28',42000,47000,17), ('0016099969','Antonia','Čoić','2017-09-28',42000,35000,17), ('0016100313','Biljana','Vidović','2017-09-27',42000,35000,16), ('0016101784','David','Vučetić','2017-09-27',42000,42000,16), ('0016199452','Bernarda','Tomić','2017-09-30',42000,42000,17), ('0016200033','Zvonimir','Žarković','2016-09-29',21000,20000,19), ('0016201125','Denis','Šapina','2017-09-27',42000,42000,17), ('0016201458','Ana','Radak','2017-09-27',42000,22000,16), ('0016203355','Dino','Bošnjak','2017-09-30',42000,22300,16), ('0016209876','Kristina','Pešerović','2017-09-29',42000,22300,17), ('0016216325','Toni','Tošeski','2017-09-28',42000,10000,17), ('0016216326','Ivan','Horvat','2017-09-29',42000,10000,17), ('0016220011','Danijel','Zečević','2016-09-30',21000,23000,19), ('0016233522','Nikola','Habijan','2017-09-26',42000,42000,16), ('0016235684','Tomislav','Vukasović','2017-09-26',42000,23000,16), ('0035166854','Krešo','Šišić','2017-09-26',10410,10410,10), ('0035177990','Irena','Dabić','2018-09-26',10000,10000,1), ('0035179953','Tanja','Sunek','2018-09-26',10000,10000,2), ('0035180940','Sonja','Šimpraga','2017-09-26',10000,21000,4), ('0035182233','Ivan','Turk','2014-09-26',10000,43000,3), ('0035187555','Marko','Krišto','2017-09-27',10410,10000,9), ('0035188827','Blaž','Đuranić','2015-09-21',10410,10410,9), ('0035192211','Karla','Brandis','2016-09-28',10000,40000,4), ('0035192565','Kristina','Matleković','2016-09-27',10000,43000,4), ('0036430456','Dragutina','Topić','2017-09-26',10000,43000,15), ('0036430552','Armin','Čehajić','2017-09-30',10000,44000,15), ('0036435111','Maja','Vuković','2017-09-27',10000,21300,14), ('0036440545','Aleksandra','Bedić','2017-09-29',32000,32000,6), ('0036440706','Vicka','Zečević','2017-09-26',10000,31000,14), ('0036450023','Darko','Zidanić','2015-09-23',10000,10000,15), ('0036450215','Josip','Pavković','2015-09-24',10000,20000,14), ('0036452014','Alen','Martić','2015-09-22',10000,10000,14), ('0036459870','Klaudija','Buljević','2015-09-25',10000,20000,15), ('0036460022','Ivan','Matić','2014-09-24',10000,10000,15), ('0036460031','Dajana','Jerec','2016-09-28',10000,10430,14), ('0036460111','Ozren','Savić','2017-09-26',10000,10430,14), ('0036463254','Ivan','Zović','2016-09-27',10000,10000,14), ('0036463255','Ivan','Horvat','2016-09-28',10000,10410,14), ('0036466211','Nada','Marulin','2016-09-27',10000,10000,15), ('0036468547','Sandra','Labak','2014-09-23',10000,47000,15), ('0036499965','Lovro','Keglović','2014-09-26',10000,10410,15), ('0067025900','Valerija','Ivanek','2016-09-30',21000,32100,18), ('0067025919','Hana','Amulić','2017-09-28',21000,34000,18), ('0067025920','Ante','Cindrić','2017-09-29',21000,10410,18), ('0067028521','Helena','Džapo','2016-09-29',21000,10410,19), ('0067401609','Teo','Turković','2017-09-28',21000,32000,19), ('0067402200','Borna','Pavić','2016-09-30',21000,10430,19), ('0067403663','Mihael','Škoda','2016-09-27',21000,21000,18), ('0067405522','Dario','Veh','2016-09-29',21000,10430,18), ('0067408000','Nikola','Mucić','2016-09-28',21000,21000,19), ('0067408996','Rajko','Posavi','2016-09-28',21000,10000,18), ('0067430279','Tajana','Vugrinec','2017-09-28',21000,23000,19), ('0067430739','Marijana','Adžija','2017-09-29',10410,10410,10), ('0067431720','Ivana','Šokčić','2017-09-27',21000,21000,18), ('0067433447','Francika','Dragić','2017-09-30',21000,10410,9), ('0108065150','Vanesa','Kovačević','2015-09-22',32000,10290,6), ('0108065187','Tomislav','Obrovac','2018-09-26',40000,10000,7), ('0108065701','Nika','Kovačević','2015-09-23',10000,52210,14), ('0108065951','Jan','Dumančić','2015-09-21',32000,10290,5), ('0108066366','Iva','Perković','2018-09-26',10000,51000,15), ('0108066602','Lorena','Fabijanić','2018-09-26',40000,22300,7), ('0108067363','Filip','Kljaić','2017-09-28',40000,10000,8), ('0112034516','Denis','Vrdoljak','2017-09-29',51000,52440,21), ('0112037682','Nikola','Gorički','2017-09-28',51000,51000,21), ('0112046636','Ivana','Gložinić','2017-09-26',51000,52210,21), ('0112047168','Marko','Erceg','2017-09-29',51000,10000,20), ('0112047238','Ana','Ujčić','2017-09-30',51000,51000,20), ('0112050000','Filip','Zaležak','2018-09-27',51000,23000,21), ('0112052142','Želimir','Drežnjak','2018-09-26',51000,23000,20), ('0112052200','Matija','Capan','2017-09-28',51000,52440,20), ('0112053256','Anton','Žagar','2018-09-25',51000,23000,20), ('0112053625','Boris','Miljuš','2017-09-30',51000,52210,21), ('0112055201','Nikola','Sušac','2018-09-24',51000,52210,20), ('0112058456','Nikolina','Jurišić','2017-09-29',51000,52440,21), ('0128045526','Kristina','Košić-Kancir','2017-09-30',51000,22300,21), ('0128050002','Kristina','Žikić','2018-09-25',10000,34000,1), ('0128050853','Eva','Delač','2016-09-30',10000,51000,1), ('0128051999','Marina','Zrno','2016-09-29',10000,22000,1), ('0128052014','Tomislav','Paulić','2015-09-22',10410,21300,10), ('0128052037','Tomislav','Miličić','2017-09-26',42000,40000,16), ('0128052105','Luka','Šimić','2018-09-25',10000,43000,2), ('0128052335','Matej','Levanić Kutni','2016-09-27',51000,22000,20), ('0128053654','Zoran','Videković','2015-09-23',10410,22300,10), ('0128055514','Kristina','Nakić','2015-09-24',10410,20000,9), ('0128056624','Stanislav','Oršolić','2015-09-21',10410,10000,10), ('0128059857','Domagoj','Paulić','2015-09-25',42000,35000,16), ('0130421547','Dina','Panić','2016-09-28',10410,10410,10), ('0130521458','Nera','Plejić','2016-09-30',10410,31000,9), ('0130854852','Mateja','Sambunjak','2016-09-27',10410,35000,9), ('0242010660','Martina','Ursa','2017-09-27',51000,52210,20), ('0246007553','Nina','Katić','2018-09-26',10410,10410,9), ('0246012240','Matija','Majhen','2018-09-25',10410,10000,10), ('0246020326','Melita','Rukavina','2018-09-25',10000,35000,3), ('0246022344','Andrej','Novak','2018-09-25',10000,52210,3), ('0246022345','Ivana','Babić','2018-09-25',10000,10000,1), ('0246024584','Marin','Obrdalj','2018-09-26',32000,32000,5), ('0246024883','Ivana','Jelenčić','2018-09-25',10000,10000,1), ('0246025333','Ksenija','Božić','2016-09-30',10000,21300,4), ('0246025342','Draga','Kaleb','2018-09-25',10000,22000,2), ('0246025343','Ana','Miličević','2018-09-25',10000,52210,2), ('0246025633','Zvonimir','Kolar','2016-09-29',10000,22300,4), ('0246026409','Marcela','Jusup','2018-09-25',10410,10000,10), ('0246026699','Sonja','Batelić','2018-09-25',10000,53285,1), ('0246027548','Lara','Horvat','2018-09-25',10000,40000,2), ('0246027955','Dino','Rosenzweig','2018-09-26',10410,10410,9), ('0246029526','Dorotea','Stipanov','2016-09-30',10000,20000,3), ('0246031254','Petra','Vujić','2014-09-22',10000,34000,3), ('0246033254','Mia','Radojčić','2016-09-30',10000,40000,2), ('0246033365','Marko','Noskov','2014-09-24',10000,10000,4), ('0246035265','Katarina','Dujmović','2016-09-29',10000,35000,2), ('0246036655','Marija-Olgica','Kasumović','2014-09-23',10000,34000,4), ('0283016212','Višnja','Pisac','2018-09-26',32000,35000,6), ('0283016371','Ines','Pozaić','2018-09-26',32000,35000,5), ('0283016670','Pavo','Baničević','2018-09-27',32000,31000,6), ('0283018404','Ante','Jukić','2018-09-27',32000,31000,6), ('0283018425','Anela','Pavelić','2018-09-26',32000,32000,5), ('0283021325','Robert','Stanić','2014-09-26',32000,32000,5), ('0283021548','Tomislav','Pokupić','2014-09-25',32000,32000,5), ('0283022254','Juraj','Kovačević','2015-09-23',32000,31000,6), ('0283035485','Tomislav','Grgić','2015-09-21',32000,32100,6), ('0283062547','Borna','Mikuličin','2015-09-22',32000,32100,6), ('0313003717','Slađana','Kopačević','2018-09-27',40000,40000,7), ('0313003860','Martina','Rak','2018-09-27',40000,47000,8), ('0313004207','Luka','Skupnjak','2018-09-27',40000,47000,8), ('0313004222','Marko','Keser','2014-09-25',40000,40000,8), ('0313004277','Slavko','Bezeredi','2018-09-27',40000,34000,8), ('0313004298','Ivan','Stojić','2018-09-27',40000,34000,7), ('0313004387','Kristina','Copak','2018-09-27',40000,43000,7), ('0313005214','Josip','Marin','2014-09-22',40000,10290,8), ('0313006321','Nikola','Kupres','2015-09-25',40000,10290,7), ('0313006332','Karla','Rolj','2014-09-24',40000,44000,8), ('0313006854','Marko','Šarić','2015-09-24',40000,40000,7), ('0313008547','Sandra','Tinjić','2014-09-23',40000,44000,8), ('0313011025','Filip','Fadljević','2018-09-25',40000,44010,7), ('1191200784','Dubravko','Antunović','2018-09-24',10410,10410,10), ('1191219570','Renato','Babojelić','2018-09-25',10000,10000,11), ('1191220001','Tina','Kostelić','2018-09-28',10000,32245,13), ('1191220633','Mia','Pavić','2015-09-25',10000,23000,11), ('1191220781','Marina','Krmpotić','2018-09-27',10000,32100,13), ('1191220782','Mare','Mistrić','2018-09-24',10000,10000,12), ('1191220888','Nikolina','Orlović','2018-09-24',10410,10410,9), ('1191221406','Ana','Anđal','2018-09-24',10000,10000,11), ('1191221499','Ivan','Horvat','2018-09-25',10000,10000,11), ('1191221794','Katarina','Gudelj','2018-09-26',10000,51000,11), ('1191221838','Boris','Hrašćanec','2018-09-27',10000,51000,12), ('1191230521','Anya','Sardelic Wojcikiewicz','2016-09-27',10000,10410,13), ('1191230621','Valentina','Benšek','2016-09-28',10000,10000,13), ('1191230865','Lora','Čorluka','2016-09-29',10000,10430,12), ('1191230958','Valentina','Deisinger','2016-09-30',10000,10430,11), ('1191231658','Niko','Denona','2016-09-27',10000,10290,12), ('1191231659','Josipa','Glavaš','2016-09-28',10000,10290,11), ('1191231669','Nikola','Kirasić','2016-09-29',10000,10000,11), ('1191290785','Želimira','Ivček','2018-09-24',10000,31000,17), ('1191303785','Miro','Pavlović','2018-09-25',10000,10000,13),('1191333784','Bratislav','Jurišić','2017-09-26',10000,23000,11);
insert  into `nastavnici`(`jmbg`,`ime`,`prezime`,`adresa`,`titula_ispred`,`titula_iza`,`postbr`,`lozinka`) values ('0110959390037','Petra','Jukić','Riječka 54','prof.vis.šk.','',32000,'378aaad427698bbcd8bd577b3914a91e'), ('0205951330124','Vedran','Grubišić','Dobrilina 62','mr.sc.','',10000,'30f7799685334aed99267c75b5371afb'), ('0305988391019','Lucija','Brčić','Naserov trg 1','','prof.',10000,'5d962f37c27a0dac27cfa4b5ff726f61'), ('0404964361006','Danijel','Tkalčić','Nodilova 96','dr.sc.','',21000,'806fad8a67e9e1a041b84440451a1b84'), ('0501953210249','Anto','Bošnjak','Unska ulica 25','','prof.',40000,'db21dd893e3ddc0e1e4c64daba31995d'), ('0509959360058','Leona','Vidović','Ulica svetog Duje 106','prof. dr.sc.','',51000,'67889942df943c1cf4a5f4df99887af4'), ('0606960383925','Borna','Blažević','Ulica Petra Jurčića 12','prof. dr.sc.','',21000,'e6993e93270eb1014b7118501a201a89'), ('0608955311207','Stjepan','Kovačević','Dubrovačka ulica 27','mr.sc.','',42000,'247d0bedf6f20caba466cad13ad720ee'), ('0610975181955','Renato','Topić','Krešimirova 98','prof. dr.sc.','',42000,'9ad2279998eeddd857cdd2daecebaaea'), ('0611973330036','Mila','Ilić','Ulica Alojzija Stepinca 2','dr.sc.','v. pred.',51000,'4e099b86cbd02c1431821a6b6c0f2f9b'), ('0704987340304','Milivoj','Matić','Ulica Franje Čandeka 95','dr.sc.','',10000,'61622f25e70e9ca3f0a1f14ede370323'), ('0708980383302','Boris','Brkić','Zagrebačka 154','prof. dr.sc.','',10000,'ffdc0d63cb0b527cb40e17246f34c13a'), ('0804969306801','Stjepan','Lukić','Marko Polo 36','prof. dr.sc.','',10410,'120db3b28966d6678a63baf597811b30'), ('0807977310602','Kristijan','Kolar','Jurija Dobrile 98','','dipl.ing.rač.',10000,'25d7b6b412da198d2eb9ae81827ce906'), ('0809970383313','Anđelka','Mađar','Ulica Ivane Brlić Mažuranić 36','prof.vis.šk.','',40000,'f9f41b6beaaa262bb2e7d3015772fea3'), ('0812942370017','Josipa','Jakšić','Ulica Ivana pl. Zajca 75','dr.sc.','v. pred.',40000,'a117d6515f9048753495eb993a6f1d8f'), ('0907987330057','Iva','Klarin','Gojlanska ulica 18','dr.sc.','v. pred.',10000,'8a92b02c4954bfb39f776c428d18cccb'), ('1010962363604','Zvonimir','Ivanković','Šimunovićeva 39','dr.sc.','v. pred.',42000,'92d2c1fc4d46c534e863229dcb17afd0'), ('1102966363016','Žarko','Marković','Kupska ulica 101','prof. dr.sc.','',42000,'d9472c97406a1ed0f9a8580917503365'), ('1204979362909','Ana','Mihaljević','Palmotićeva ulica 6','prof. dr.sc.','',10000,'55ebe981813c9d023ef854da29ebf606'), ('1212953391826','Frano','Vukelić','Ulica dr.Vladka Mačeka 61','prof. dr.sc.','',21000,'4d4246882acedd600c96c5d156f67697'), ('1303966335145','Valentino','Posavec','Ulica dr. Ante Starčevića 9','prof. dr.sc.','',10310,'b02048802c7d982398fc192da5660338'), ('1403968361918','Sanja','Ivanec','Mandićeva 65','prof. dr.sc.','',51000,'7b517185beee03aa53f9efc27e8d8067'), ('1409987320508','Zlatica','Vidaković','Zvonimirova 32','','prof.',10410,'e046cb08b64f423a16a079ecfbed41ed'), ('1707963340011','Ankica','Čeh','Ulica kralja Petra Krešimira IV 6','','prof.',42000,'0d94a5529152ca83d011daf25be975c9'), ('1804949363053','Daniela','Bašić','Branimirova 96','dr.sc.','',10000,'b362df18e5980dfdf981f99094748ecc'), ('1906962340015','Karlo','Lončar','Bakarska ulica 12','','prof.',40000,'3bbada494b232de7d8334d4b444697f5'), ('1907983383326','Jelena','Nikolić','Hvarska ulica 3','prof. dr.sc.','',10000,'dbc7336cf51d3cb51f999e0348e28fd9'), ('1908987173977','Nikola','Bačić','Radićeva 3','prof. dr.sc.','',10000,'df5e014b11c328fa07219a41970cbade'), ('1910956363012','Dražen','Debeljak','Trpimirova 15','dr.sc.','v. pred.',10410,'9aa31e57ed4c9a4b6ce586f05b764fef'), ('2011979362930','Cvjetko','Stojanović','Koranska ulica 5','','prof.',40000,'41a7f3c02a44674a3ba430f016c42d68'), ('2011987360005','Josip','Ivanović','Zaharova ulica 5','','prof.',10000,'372ab64556ce24e43526453510235de4'), ('2012975380051','Veronika','Petrović','Ulica Domovinskog rata 52','prof. dr.sc.','',21000,'8b29750e428b84fa2137f27e4a71ac58'), ('2205970383309','Tihana','Posavec','Ulica Matice hrvatske 32','prof. dr.sc.','',10000,'6e9d8709d679bca89b1572165c447169'), ('2207987301807','Josip','Dukić','Jurišićeva 21','mr.sc.','',10000,'9f50a136bc84fa1aa366807698131a0a'), ('2306978362104','Sonja','Duvnjak','Ulica Žrtava fašizma 23','prof. dr.sc.','',21000,'dd4a0b6e486ded6ec4fd3e51bea1f511'), ('2409952381906','Morana','Novak','Kolodvorska 37','','prof.',10410,'fc9e9539ca1d04da45df8c5d79ae8f18'), ('2409954210041','Tvrtko','Miletić','Gundulićeva 59','','dipl.ing.rač.',10000,'668f7f71056d78b87a801fbc853d917b'), ('2511949330185','Željka','Perić','Ulica Rudolfa Tomišića 9','mr.sc.','',21000,'89ed83151007544f60314674d3ea7149'), ('2603957210027','Renato','Perić','Turopoljska 15','','prof.',32225,'e7b1c1e4afcab1af31edc83281f2dbcc'), ('2604956363608','Valentino','Šimić','Cesarićeva ulica 21','prof.vis.šk.','',32000,'90618f7e14bf1bf2bb456de269145fd0'), ('2608948301518','Vladimir','Katić','Radićeva 32','dr.sc.','',51000,'a3d5f85f47657ab0390d74683fa0c0c9'), ('2610987300802','Karlo','Krsnik','Nodilova 7','dr.sc.','',10000,'c1586160da6146669f4ae348a7923862'), ('2805952392713','Lovro','Horvatinčić','Škurinjska cesta 47','dr.sc.','v. pred.',10310,'6d255cc57954a1c231fd8bfae3b7a782'), ('2806955260017','Branimira','Zagorec','Trg revolucije 57','prof. dr.sc.','',22030,'1fba6452ced52030cf9f1484e2e1d6d9'), ('2808966330057','Mira','Mandić','Ulica Svetog Vlahe 95','prof. dr.sc.','',10410,'552bfc1303b329ede95722afc17e21f7'), ('2910986392304','Jure','Ribarić','Ulica Rudolfa Tomišića 63','prof. dr.sc.','',10000,'d4d3483d70cf89753f4985c69ad04b22'), ('3003975210235','Damir','Skelić','Sv. Barbare 15','dr.sc.','v. pred.',10000,'7ad2e562d66cecf67231c577bdb0f0ed'), ('3103947210122','Davorka','Mikulić','Gospodska ulica 49','prof. dr.sc.','',21000,'d6df3cf05df1697feb0c9cfffbeb7977'), ('3103947210186','Tomica','Hrvat','Gosposka ulica 91','prof. dr.sc.','',10000,'67da1a4ed66fcad0bbe3f8be21174d5a'), ('3105981300707','Vesna','Ilić','Paška ulica 25','','prof.',40000,'d85a9058fab489ca8812e2482ccd44ac');
insert  into `ustanove`(`oib`,`naziv`,`zRacun`,`adresa`,`datumOsnutka`,`postbr`) values ('02024882310','Fakultet organizacije i informatike','2360000-1101741225','Pavlinska 2','1974-03-29',42000), ('08814003451','Tehničko Veleučilište u Zagrebu','2360000-1101350801','Vrbik 8','1998-05-27',10000), ('09032023114','Veleučilište Velika Gorica','2340009-1110122348','Zagrebačka cesta 5','2002-06-12',10410), ('21720825730','Veleučilište \"Ladislava Ružička\"','2500009-1102156476','Županijska 50','2005-07-15',32000), ('28163265527','Prirodoslovno-matematički fakultet','2360000-1101522208','Horvatovac 102A','1946-06-08',10000), ('31444990605','Međimursko veleučilište u Čakovcu','2392007-1100052659','Bana Josipa Jelačića  22a','2005-09-24',40000), ('57029260362','Fakultet elektrotehnike i računarstva','2360000-1101218080','Unska 3','1956-06-08',10000), ('76722145702','Pomorski fakultet','1360000-1101408432','Studenska ulica 2','1914-11-26',51000), ('84477684422','Ekonomski faklutet','2390001-1100015220','Cvite Fiskovića 5','1974-06-15',21000);
insert  into `smjerovi`(`id`,`naziv`,`oibUstanova`,`idNadsmjer`) values (1,'Stručni studij informatike','08814003451',22), (2,'Stručni studij računarstva','08814003451',22), (3,'Stručni studij elektrotehnike','08814003451',NULL), (4,'Stručni studij graditeljstva','08814003451',NULL), (5,'studij trgovine','21720825730',NULL), (6,'upravni studij','21720825730',NULL), (7,'računarstvo','31444990605',NULL), (8,'menadžment turizma i sporta','31444990605',NULL), (9,'očna optika','09032023114',NULL), (10,'održavanje zrakoplova','09032023114',NULL), (11,'smjer matematika','28163265527',NULL), (12,'smjer fizika','28163265527',NULL), (13,'smjer kemija','28163265527',NULL), (14,'elektotehnika i informacijska tehnologija','57029260362',NULL), (15,'računarstvo','57029260362',NULL), (16,'informacijski i poslovni sustavi','02024882310',NULL), (17,'ekonomika poduzetništva','02024882310',NULL), (18,'poslovna ekonomija','84477684422',NULL), (19,'turizam','84477684422',NULL), (20,'brodostrojarstvo','76722145702',NULL), (21,'logistika i menadžment u pomorstvu','76722145702',NULL), (22,'INRO','08814003451',23), (23,'Stručni studij','08814003451',NULL), (24,'Specijalistički studij','08814003451',NULL), (25,'Specijalistički studij informatike','08814003451',24), (26,'Specijalistički studij elektrotehnike','08814003451',24), (27,'Specijalistički studij graditeljstva','08814003451',24);
insert  into `kolegiji`(`id`,`naziv`,`opis`,`id_smjer`) values (1,'Baze podataka','Student će steći znanja i vještine za dizajniranje i kreiranje baze podataka, te vještine potrebne za uspješno rukovanje s bazom podataka.',1), (2,'Uvod u UNIX sustave','Student treba savladati osnovno znanje rada na otvorenim operacijskim sustavima.',1), (3,'Uvod u UNIX sustave','Student treba savladati osnovno znanje rada na otvorenim operacijskim sustavima.',2), (4,'Fizika','Razumijevanje fizikalnih pojava i veličina, opisanih u širem kontekstu temeljnih zakona fizike.',2), (5,'Fizika','Razumijevanje fizikalnih pojava i veličina, opisanih u širem kontekstu temeljnih zakona fizike.',3), (6,'Fizika','Razumijevanje fizikalnih pojava i veličina, opisanih u širem kontekstu temeljnih zakona fizike.',4), (7,'Betonske konstrukcije','Stjecanje teoretskih i praktičkih znanja i vještina, pomoću kojih se student osposobljava za proračun i dimenzioniranje betonskih konstrukcija.',4), (8,'Osnove elektrotehnike','Stjecanje znanja iz teorije električnih krugova i metoda za rješavanje električnih mreža.',3), (9,'Poslovna etika','Cilj je predmeta upoznati studente s etičkim pitanjima suvremenog društva, osobito njihove aplikacije u svijet poslovnih odnosa.',5), (10,'Statistika','Opći ciljevi su ovladavanje teorijskim spoznajama kao i vještinama izračunavanja statističkih parametara.',5), (11,'Osnove građanskog prava','U općem djelu građanskog prava stječu se znanja ne samo iz građanskog prava nego i znanja o temeljnim pojmovima koji su značajni i za druge pravne discipline, poglavito one koje su srodne građanskom pravu.',6), (12,'Javna nabava','Student će biti osposobljen za organizaciju i provedbu postupka javne nabave.',6), (13,'Ekonomika turizma','Stjecanje specifičnih znanja za prepoznavanje utjecaja turizma na gospodarski sustav i valorizaciju potencijala ekonomskih funkcija turizma.',8), (14,'Sportski marketing','U okviru ovog predmeta studenti će se upoznati s osnovama sportskog marketinga kao i mogućnostima njegove primjene u određenim sportskim organizacijama.',8), (15,'Operacijski sustavi','Operacijski je sustav skup programa koji djeluju kao posrednici između sklopovlja i primjenskih programa te korisnika.',7), (16,'Baze podataka','Student će steći znanja i vještine za dizajniranje i kreiranje baze podataka, te vještine potrebne za uspješno rukovanje s bazom podataka.',7), (17,'Anatomija i fiziologija oka','Stjecanje temeljitih znanja iz anatomije i fiziologije oka potrebnih za razumijevanje predmeta Patologija oka, Farmakologija, Kontaktne leće, Refrakcija i binokulami vid.',9), (18,'Refrakcija i binokularni vid I','Upoznati studente s osnovnim refrakcijskim postupcima i razviti monokularne refrakcijske vještine.',9), (19,'Elementi konstrukcija','Upoznavanje s načelima dimenzioniranja i konstruiranja. Upoznavanje namjene i konstrukcijskih značajki strojnih dijelova i konstrukcija.',10), (20,'Pogon zrakoplova I','Stjecanje znanja o osnovnim sustavima klipnih motora zrakoplova.',10), (21,'Linearna algebra 1','Preko jednostavnih primjera (sustavi linearnih jednadžbi) doći do pojmova konačnodimenzionalnog vektorskog prostora, baze, potprostora, matrice, determinante, te inverzne matrice.',11), (22,'Mjera i integral','Uvesti pojam apstraktne mjere, izmjerivih preslikavanja i integrala u odnosu na mjeru, te izvesti fundamentalne teoreme vezane uz ove pojmove.',11), (23,'Matematička analiza 1','Upoznavanje s osnovnim matematičkim pojmovima, savladavanje tehnika diferencijalnog računa i upoznavanje s pripadnom matematičkom teorijom.',12), (24,'Uvod u kvantnu fiziku','Upoznavanje s nastankom i osnovnim pojmovima kvantne fizike, te rješavanje jednostavnijih fizikalnih problema.',12), (25,'Opća kemija','Čiste tvari. Homogene i heterogene smjese. Razdvajanje smjesa. Kemijska i fizikalna svojstva tvari (ekstenzivne i intenzivne veličine). Zakoni kemijskog spajanja.',13), (26,'Molekularno modeliranje','Temeljni pojmovi, Ploha potencijalne energije i optimizacija geometrije, Podjela metoda modeliranja, Molekulska mehanika, Kvantno-mehaničke i DFT metode.',13), (27,'Digitalna logika','Digitalni sustavi veličine iz stvarnog svijeta, prethodno pretvorene u brojeve, obrađuju u diskretnim koracima.',14), (28,'Energijske tehnologije','Važnost energije, opskrba energijom, energijska ograničenja. Oblici i izvori energije, klasifikacija oblika energije.',14), (29,'Operacijski sustavi','Operacijski je sustav skup programa koji djeluju kao posrednici između sklopovlja i primjenskih programa te korisnika.',15), (30,'Izrada web-projekta','Vještina nudi studentima priliku za stjecanje tehno-ekonomskih znanja potrebnih za izradu web-projekata.',15), (31,'Poslovno komuniciranje','Usvajanje općih znanja potrebnih za uspješniju interpersonalnu komunikaciju u poslovnom okruženju i djelotvorno oblikovanje poruka u javnoj i pisanoj komunikaciji.',16), (32,'Obrada teksta i slike','usvajanje znanja i razumijevanja: postupka kreiranja dokumenata i publikacija uz pomoć računala; oblikovanja teksta, tipografije i kreiranja fontova.',16), (33,'Osnove poduzetništva','Pojmovno određenje poduzetništva. Povijesni i komparativni razvoj poduzetništva i poduzeća. Temeljna načela poduzetništva. Poduzetničke perspektive.',17), (34,'Marketing','Marketing kao filozofija poslovanja; Priroda marketinškog poslovanja; Upravljačka filozofija marketinga; Pojavni oblici upravljanja marketingom.',17), (35,'Mikroekonomija I','Razumijevanje principa ponude i potražnje te njihovo povezivanje s tržišnom ravnotežom. Osposobljenost za analiziranje, proučavanje i djelovanje na različite tržišne snage koje determiniraju ravnotežu.',18), (36,'Kvantitativne metode u managementu','Upoznavanje sa osnovnim kvantitativnim metodama koje se mogu primijeniti u poslovnom odlučivanju s naglaskom na linearno programiranje.',18), (37,'Matematika u ekonomiji','S ovim predmetom studenti bi trebali biti osposobljeni za praktičnu primjenu matematičkih modela pri postavljanju i rješavanju problema u ekonomskim znanostima.',19), (38,'Marketing destinacije','Specifičnosti upravljanja marketingom destinacije;Turistička destinacija kao integralni turistički proizvod.',19), (39,'Tehnička mehanika 2','Upoznati studente s teorijskim i iskustvenim spoznajama iz područja hidromehanike što će im omogućiti lakše savladavanje zadataka vezanih za mirovanje i gibanje fluida koji su nezaobilazni u svakodnevnij praksi.',20), (40,'Sredstva pomorskog prometa','Cilj kolegija je upoznati studente sa stabilnošću broda u neoštećenom i oštećenom stanju, statičkom i dinamičkom stabilnošću broda.',20), (41,'Tereti u prometu','Osnovni cilj i zadatak kolegija je upoznavanja prirode materijala u prometu kao bitne pretpostavke za organizaciju prijevoznog pothvata, analizu osnovnih i specifičnih klasifikacija, podjela i kategorizacija tereta.',21), (42,'Planiranje prometne potražnje','Osposobiti studenta za primjenu metoda kojima se utvrđuje potražnja za prometnom uslugom.',21), (43,'Tjelesna i zdravstvena kultura 2','Odgojno-obrazovno područje podmirenja biopsihosocijalnih motiva za kretanjem kao izrazom zadovoljenja određenih potreba čovjeka, kojima se uvećavaju adaptivne i stvaralačke sposobnosti u suvremenim uvjetima života i rada.',1), (44,'Tjelesna i zdravstvena kultura 2','Odgojno-obrazovno područje podmirenja biopsihosocijalnih motiva za kretanjem kao izrazom zadovoljenja određenih potreba čovjeka, kojima se uvećavaju adaptivne i stvaralačke sposobnosti u suvremenim uvjetima života i rada.',10), (45,'Tjelesna i zdravstvena kultura 3','Odgojno-obrazovno područje podmirenja biopsihosocijalnih motiva za kretanjem kao izrazom zadovoljenja određenih potreba čovjeka, kojima se uvećavaju adaptivne i stvaralačke sposobnosti u suvremenim uvjetima života i rada.',16), (46,'Napredne baze podataka','Student se treba upoznati s objektima i kontrolama za pristup podacima, sa osnovama programiranja MySQL servera i implementacijom baze podataka u informacijski sustav.',1);
insert  into `uloga_izvrsitelja`(`id`,`naziv`) values (1,'profesor'), (2,'asistent');
insert  into `izvrsitelji`(`nastavnik_id`,`kolegij_id`,`uloga_izvrsitelja_id`) values ('2409954210041',1,2), ('3103947210186',1,1), ('2409954210041',2,1), ('0708980383302',3,1), ('0807977310602',4,2), ('1907983383326',4,1), ('1204979362909',5,1), ('0807977310602',6,1), ('1804949363053',7,1), ('0205951330124',8,1), ('2603957210027',9,1), ('2604956363608',9,2), ('2604956363608',10,1), ('0110959390037',11,1), ('0110959390037',11,2), ('2603957210027',12,1), ('0501953210249',13,1), ('1906962340015',13,2), ('0809970383313',14,1), ('0812942370017',15,2), ('3105981300707',15,1), ('2011979362930',16,1), ('0804969306801',17,2), ('2409952381906',17,1), ('1910956363012',18,1), ('1303966335145',19,2), ('1409987320508',19,1), ('2805952392713',20,1), ('0704987340304',21,1), ('0704987340304',22,2), ('2205970383309',22,1), ('2808966330057',23,1), ('2910986392304',24,1), ('1908987173977',25,1), ('1908987173977',25,2), ('2610987300802',26,1), ('1908987173977',27,2), ('2207987301807',27,1), ('0305988391019',28,1), ('2207987301807',28,2), ('2011987360005',29,1), ('0907987330057',30,1), ('1102966363016',31,1), ('1010962363604',32,2), ('1707963340011',32,1), ('0608955311207',33,1), ('0608955311207',34,1), ('0610975181955',34,2), ('2806955260017',35,1), ('0404964361006',36,2), ('3103947210122',36,1), ('1212953391826',37,2), ('2306978362104',37,2), ('2511949330185',37,1), ('0606960383925',38,1), ('2012975380051',38,2), ('1403968361918',39,1), ('2608948301518',40,1), ('2608948301518',40,2), ('0509959360058',41,1), ('0509959360058',42,2), ('0611973330036',42,1);
insert  into `ocjene`(`kolegij_id`,`jmbag_student`,`datum_polaganja`,`vrijeme_polaganja`,`vrijednost`) values (1,'0035177990','2019-02-20','18:30:00',4), (1,'0128050853','2017-09-16','15:00:00',1), (1,'0128051999','2017-07-13','18:30:00',4), (1,'0246022345','2018-02-14','13:30:00',2), (1,'0246022345','2019-02-12','16:30:00',2), (1,'0246024883','2019-02-20','18:30:00',2), (2,'0035177990','2019-02-21','16:30:00',1), (2,'0128050002','2019-02-20','18:30:00',5), (2,'0246022345','2019-02-25','13:00:00',3), (2,'0246024883','2019-02-20','18:30:00',2), (3,'0246025342','2019-02-22','08:00:00',3), (3,'0246025343','2019-02-22','08:00:00',4), (3,'0246035265','2017-06-15','18:30:00',1), (3,'0246035265','2018-06-21','18:30:00',3), (4,'0035179953','2019-02-25','13:00:00',5), (4,'0128052105','2019-02-25','13:00:00',5), (4,'0246027548','2019-02-25','13:00:00',4), (4,'0246033254','2017-06-16','16:00:00',2), (5,'0010081356','2017-09-14','11:00:00',2), (5,'0035182233','2015-09-10','14:00:00',2), (5,'0246022344','2019-02-26','16:00:00',4), (5,'0246029526','2017-02-24','18:30:00',5), (5,'0246031254','2015-09-10','13:30:00',1), (5,'0246031254','2016-09-13','17:00:00',1), (5,'0246031254','2017-02-24','18:30:00',3), (6,'0035180940','2018-02-13','17:00:00',4), (6,'0246025333','2017-02-21','10:00:00',3), (6,'0246033365','2015-07-10','18:30:00',5), (6,'0246036655','2015-09-10','13:30:00',2), (7,'0035192211','2017-06-28','18:30:00',1), (7,'0035192211','2018-02-24','17:00:00',3), (7,'0035192565','2017-07-05','18:30:00',4), (7,'0246025633','2017-06-30','12:30:00',1), (7,'0246025633','2018-06-29','10:00:00',1), (7,'0246033365','2015-07-09','13:30:00',4), (7,'0246036655','2015-06-12','10:00:00',5), (8,'0010081356','2017-09-14','12:30:00',2), (8,'0035182233','2015-09-10','13:30:00',4), (8,'0246020326','2019-02-25','13:00:00',1), (8,'0246022344','2019-02-26','16:00:00',4), (9,'0246024584','2019-02-26','17:00:00',3), (9,'0283016371','2019-02-27','10:00:00',5), (9,'0283018425','2019-02-26','17:00:00',5), (9,'0283021325','2015-06-30','10:00:00',1), (9,'0283021325','2016-06-25','16:30:00',3), (9,'0283021548','2015-06-25','17:00:00',2), (10,'0013025926','2019-02-27','10:00:00',5), (10,'0108065951','2016-02-23','15:00:00',3), (10,'0283016371','2019-02-27','10:00:00',4), (10,'0283021548','2015-06-30','10:00:00',2), (11,'0036440545','2018-02-24','17:00:00',4), (11,'0108065150','2016-02-26','13:00:00',3), (11,'0283016212','2019-02-26','16:00:00',4), (11,'0283035485','2016-06-25','16:00:00',4), (12,'0036440545','2018-02-23','16:00:00',3), (12,'0283016670','2019-02-26','08:00:00',5), (12,'0283018404','2019-02-26','08:00:00',4), (12,'0283022254','2016-02-24','11:00:00',2), (12,'0283035485','2016-06-23','17:00:00',2), (12,'0283062547','2016-02-24','11:00:00',3), (13,'0313003860','2016-02-22','13:30:00',2), (13,'0313004207','2019-02-08','12:30:00',5), (13,'0313004277','2019-02-08','10:00:00',2), (13,'0313005214','2015-02-18','11:00:00',4), (13,'0313006332','2015-08-24','11:00:00',1), (13,'0313006332','2016-08-23','15:00:00',1), (13,'0313006332','2017-06-24','10:00:00',4), (13,'0313008547','2015-02-20','18:00:00',2), (14,'0313004222','2015-08-25','13:00:00',5), (14,'0313004277','2019-02-08','12:30:00',3), (14,'0313005214','2015-02-20','13:30:00',2), (15,'0108066602','2019-02-11','10:00:00',3), (15,'0313003717','2019-02-25','13:00:00',5), (15,'0313004387','2019-02-25','13:00:00',4), (15,'0313006321','2016-02-22','13:30:00',5), (15,'0313006854','2016-02-24','11:00:00',1), (15,'0313006854','2017-02-25','12:30:00',3), (16,'0108065187','2019-02-11','10:00:00',2), (16,'0108066602','2019-02-11','10:00:00',4), (16,'0313004298','2019-02-26','11:00:00',5), (16,'0313006321','2016-02-26','13:00:00',3), (17,'0013020125','2019-02-11','10:00:00',2), (17,'0035188827','2016-02-22','13:30:00',4), (17,'0067433447','2018-02-24','17:00:00',3), (17,'0130521458','2017-02-18','17:00:00',5), (17,'0246007553','2019-02-08','11:00:00',5), (17,'1191220888','2019-02-08','11:00:00',4), (18,'0013026584','2017-02-18','17:00:00',3), (18,'0035187555','2018-02-24','17:00:00',4), (18,'0035188827','2016-02-24','11:00:00',4), (18,'0067433447','2018-02-24','17:00:00',3), (18,'0128055514','2016-02-22','13:30:00',5), (18,'0130854852','2017-06-24','10:00:00',3), (18,'0246007553','2019-02-11','10:00:00',2), (18,'0246027955','2019-02-08','11:00:00',2), (19,'0067430739','2018-08-20','18:30:00',3), (19,'0128052014','2016-02-19','10:00:00',4), (19,'0130421547','2017-02-18','17:00:00',3), (19,'1191200784','2019-02-08','16:00:00',2), (20,'0013022546','2017-02-18','17:00:00',4), (20,'0035166854','2018-08-20','18:30:00',1), (20,'0067430739','2018-02-17','10:00:00',3), (20,'0128053654','2016-02-24','11:00:00',5), (20,'0128056624','2016-02-24','11:00:00',3), (20,'0130421547','2017-06-20','13:30:00',3), (20,'0246012240','2019-02-11','10:00:00',3), (20,'0246026409','2019-02-11','10:00:00',4), (21,'1191219570','2019-02-27','10:00:00',3), (21,'1191221406','2019-02-08','15:00:00',4), (21,'1191221499','2019-02-08','15:00:00',2), (21,'1191230958','2017-06-20','13:30:00',3), (21,'1191231669','2017-06-20','13:30:00',5), (22,'1191219570','2019-02-11','10:00:00',3), (22,'1191220633','2018-02-21','16:00:00',3), (22,'1191221499','2019-02-26','16:30:00',2), (22,'1191221794','2019-02-11','10:00:00',5), (22,'1191231659','2017-06-21','16:00:00',2), (22,'1191333784','2016-06-22','10:00:00',2), (23,'1191220782','2019-02-27','10:00:00',5), (23,'1191221838','2019-02-26','17:00:00',2), (23,'1191231658','2017-02-21','10:00:00',1), (23,'1191231658','2018-08-21','10:00:00',1), (23,'1191231658','2019-02-11','10:00:00',3), (24,'1191220782','2019-02-18','17:00:00',5), (24,'1191221838','2019-02-18','17:00:00',2), (24,'1191230865','2017-02-18','17:00:00',4), (25,'1191220781','2019-02-27','10:00:00',5), (25,'1191230521','2017-02-22','11:00:00',2), (25,'1191230621','2017-02-18','17:00:00',5), (25,'1191303785','2019-02-08','16:30:00',4), (26,'1191220781','2019-02-27','10:00:00',3), (26,'1191230521','2017-07-15','10:00:00',3), (26,'1191230621','2017-02-21','10:00:00',2), (26,'1191303785','2019-02-18','17:00:00',2), (27,'0036440706','2018-08-21','10:00:00',3), (27,'0036452014','2016-06-22','10:00:00',5), (27,'0036460111','2018-08-21','10:00:00',4), (27,'0108065701','2016-06-22','10:00:00',2), (28,'0036435111','2018-02-21','16:00:00',2), (28,'0036450215','2016-06-25','15:00:00',4), (28,'0036460031','2017-06-24','10:00:00',1), (28,'0036460031','2018-07-13','13:00:00',2), (28,'0036463254','2017-02-18','17:00:00',2), (28,'0036463255','2017-06-24','10:00:00',2), (29,'0036430552','2018-08-30','16:00:00',3), (29,'0036468547','2015-02-20','13:30:00',4), (29,'0036499965','2015-08-24','11:00:00',1), (29,'0036499965','2016-08-13','17:00:00',1), (29,'0036499965','2017-06-24','10:00:00',3), (29,'0108066366','2019-02-27','10:00:00',3), (30,'0036430456','2018-07-10','18:30:00',5), (30,'0036450023','2016-02-18','14:00:00',3), (30,'0036459870','2016-02-19','10:00:00',2), (30,'0036460022','2015-08-24','11:00:00',1), (30,'0036460022','2016-06-24','17:00:00',3), (30,'0036466211','2017-06-24','10:00:00',3), (31,'0016100313','2018-07-13','13:00:00',3), (31,'0016101784','2018-07-13','13:00:00',2), (31,'0016201458','2018-07-13','13:00:00',4), (31,'0016233522','2018-07-13','13:00:00',2), (31,'0016235684','2018-07-13','13:00:00',3), (31,'0128052037','2018-07-13','13:00:00',2), (31,'0128059857','2016-02-11','16:00:00',2), (31,'0128059857','2016-02-16','16:00:00',5), (32,'0016096972','2018-07-16','17:00:00',3), (32,'0016201458','2018-07-16','17:00:00',5), (32,'0016203355','2018-07-16','17:00:00',4), (32,'0016235684','2018-07-16','17:00:00',2), (33,'0016097990','2018-02-17','10:00:00',5), (33,'0016098017','2018-02-17','10:00:00',5), (33,'0016099969','2018-02-17','10:00:00',5), (33,'0016199452','2018-02-17','10:00:00',4), (33,'0016201125','2018-02-17','10:00:00',5), (33,'0016209876','2018-02-17','10:00:00',2), (33,'1191290785','2019-02-15','10:00:00',2), (34,'0016097990','2018-02-14','13:30:00',4), (34,'0016099969','2018-02-14','13:30:00',4), (34,'0016199452','2018-02-14','13:30:00',5), (34,'0016216325','2018-02-14','13:30:00',2), (34,'0016216326','2018-02-14','13:30:00',3), (35,'0067025900','2017-02-14','16:00:00',4), (35,'0067025919','2018-06-29','10:00:00',5), (35,'0067025920','2018-06-29','10:00:00',4), (35,'0067403663','2017-02-14','16:00:00',2), (35,'0067405522','2017-08-24','11:00:00',1), (35,'0067405522','2018-02-16','16:30:00',3), (35,'0067408996','2017-02-14','16:00:00',3), (35,'0067431720','2018-06-29','10:00:00',2), (36,'0067403663','2017-02-11','11:00:00',2), (36,'0067405522','2017-02-11','11:00:00',5), (37,'0016200033','2017-06-27','16:30:00',3), (37,'0067401609','2018-02-20','16:30:00',5), (37,'0067402200','2017-06-27','16:30:00',4), (37,'0067408000','2017-06-27','16:30:00',5), (37,'0067430279','2018-06-16','13:00:00',2), (38,'0016220011','2017-06-27','12:30:00',5), (38,'0067028521','2017-06-27','12:30:00',2), (38,'0067401609','2018-06-20','13:00:00',5), (38,'0067402200','2017-06-27','12:30:00',5), (38,'0067408000','2017-08-15','10:00:00',1), (38,'0067408000','2018-06-27','16:00:00',2), (39,'0112047168','2018-08-21','10:00:00',2), (39,'0112052142','2019-02-18','17:00:00',2), (39,'0112052200','2018-06-26','18:30:00',3), (39,'0112055201','2019-02-18','17:00:00',3), (39,'0128052335','2017-02-11','11:00:00',3), (40,'0112047238','2018-07-13','13:00:00',2), (40,'0112052200','2018-06-29','10:00:00',2), (40,'0112053256','2019-02-14','16:00:00',4), (40,'0112055201','2019-02-14','16:00:00',4), (40,'0128052335','2017-02-16','15:00:00',5), (40,'0242010660','2018-07-13','13:00:00',3), (41,'0112034516','2018-02-22','18:30:00',1), (41,'0112034516','2019-02-14','18:30:00',4), (41,'0112046636','2018-02-22','18:30:00',4), (41,'0112050000','2019-02-27','10:00:00',2), (41,'0112053625','2018-02-22','18:30:00',3), (41,'0112058456','2018-02-22','18:30:00',4), (42,'0112037682','2018-02-20','15:00:00',4), (42,'0112050000','2019-02-26','11:00:00',5), (42,'0112053625','2018-02-20','15:00:00',4), (42,'0112058456','2018-02-20','15:00:00',3), (42,'0128045526','2018-02-20','15:00:00',3), (43,'0035177990','2019-02-15','08:00:00',5), (43,'0128050853','2017-02-11','11:00:00',5), (43,'0128051999','2017-02-11','11:00:00',5), (43,'0246022345','2019-02-15','08:00:00',5), (43,'0246024883','2019-02-15','08:00:00',5), (44,'0035166854','2018-06-26','18:30:00',5), (44,'0128052014','2016-06-22','10:00:00',5), (44,'0128056624','2016-06-22','10:00:00',5), (44,'0130421547','2017-06-27','15:00:00',5), (45,'0016201458','2018-02-13','17:00:00',5), (45,'0016203355','2018-02-13','17:00:00',5), (45,'0016233522','2018-02-13','17:00:00',5), (45,'0128052037','2018-02-13','17:00:00',5), (45,'0128059857','2016-02-16','12:30:00',5), (46,'0035177990','2019-02-14','11:00:00',3), (46,'0128050853','2018-02-16','12:30:00',5), (46,'0128051999','2018-02-16','12:30:00',2);
